[
 {
   "User name": "Mark",
   "applications": "word",
   "unique logins": 4,
   "T.T No of app access": 11,
   "T.Time of Appl time use": 15
 },
 {
   "User name": "Ken",
   "applications": "ex",
   "unique logins": 7,
   "T.T No of app access": 15,
   "T.Time of Appl time use": 25
 },
 {
   "User name": "Claire",
   "applications": "ppt",
   "unique logins": 9,
   "T.T No of app access": 9,
   "T.Time of Appl time use": 20.4
 },
 {
   "User name": "John",
   "applications": "tux",
   "unique logins": 14,
   "T.T No of app access": 17,
   "T.Time of Appl time use": 34
 },
 {
   "User name": "Kevin",
   "applications": "sratch",
   "unique logins": 10,
   "T.T No of app access": 13,
   "T.Time of Appl time use": 21
 },
 {
   "User name": "Nali",
   "applications": "notepad",
   "unique logins": 7,
   "T.T No of app access": 9,
   "T.Time of Appl time use": 12
 }
]