[
 {
   "applications": "word",
   "T.T No of unique logins": 2,
   "T.T No of app access": 5,
   "T.T of App time use": 2
 },
 {
   "applications": "ex",
   "T.T No of unique logins": 4,
   "T.T No of app access": 7,
   "T.T of App time use": 10.8
 },
 {
   "applications": "ppt",
   "T.T No of unique logins": 3,
   "T.T No of app access": 9,
   "T.T of App time use": 20.4
 },
 {
   "applications": "tux",
   "T.T No of unique logins": 6,
   "T.T No of app access": 10,
   "T.T of App time use": 34
 },
 {
   "applications": "sratch",
   "T.T No of unique logins": 8,
   "T.T No of app access": 4,
   "T.T of App time use": 21
 },
 {
   "applications": "notepad",
   "T.T No of unique logins": 4,
   "T.T No of app access": 6,
   "T.T of App time use": 8
 }
]