[
 {
   "applications": "word",
   "T.T No of unique logins": 4,
   "T.T No of app access": 11,
   "T.T of App time use": 15
 },
 {
   "applications": "ex",
   "T.T No of unique logins": 7,
   "T.T No of app access": 15,
   "T.T of App time use": 25
 },
 {
   "applications": "ppt",
   "T.T No of unique logins": 9,
   "T.T No of app access": 9,
   "T.T of App time use": 20.4
 },
 {
   "applications": "tux",
   "T.T No of unique logins": 14,
   "T.T No of app access": 17,
   "T.T of App time use": 34
 },
 {
   "applications": "sratch",
   "T.T No of unique logins": 10,
   "T.T No of app access": 13,
   "T.T of App time use": 21
 },
 {
   "applications": "notepad",
   "T.T No of unique logins": 7,
   "T.T No of app access": 9,
   "T.T of App time use": 12
 }
]